{"cameraMode":{"drawMode":0,"name":"Shaded","section":"Shading Mode"},"sceneLighting":true,"audioPlay":false,"sceneViewState":{"showFog":true,"showMaterialUpdate":false,"showSkybox":true,"showFlares":true,"showImageEffects":true,"showParticleSystems":true},"in2DMode":false,"pivot":{"x":6.250506401062012,"y":-1.9654874801635743,"z":4.936996936798096},"rotation":{"x":0.1858377605676651,"y":0.7934942245483398,"z":-0.29596027731895449,"w":0.49824875593185427},"size":21.8193416595459,"orthographic":false}