{"cameraMode":{"drawMode":0,"name":"Shaded","section":"Shading Mode"},"sceneLighting":true,"audioPlay":false,"sceneViewState":{"showFog":true,"showMaterialUpdate":false,"showSkybox":true,"showFlares":true,"showImageEffects":true,"showParticleSystems":true},"in2DMode":false,"pivot":{"x":0.19270701706409455,"y":0.8110189437866211,"z":-3.1110267639160158},"rotation":{"x":-0.690513551235199,"y":0.01127991545945406,"z":-0.010771065019071103,"w":-0.723158597946167},"size":5.542116641998291,"orthographic":false}