{"cameraMode":{"drawMode":0,"name":"Shaded","section":"Shading Mode"},"sceneLighting":false,"audioPlay":false,"sceneViewState":{"showFog":true,"showMaterialUpdate":false,"showSkybox":false,"showFlares":true,"showImageEffects":true,"showParticleSystems":true},"in2DMode":false,"pivot":{"x":0.6702256202697754,"y":1.1449999809265137,"z":1.1600003242492676},"rotation":{"x":0.4829889237880707,"y":0.5075886845588684,"z":-0.43136611580848696,"w":0.5683332085609436},"size":12.425893783569336,"orthographic":false}